tweet_count,username,text,created_at,retweets,likes
1,Diário de Araxá,"Prisão por tráfico de drogas é realizada no Centro de Araxá

https://t.co/YGEj3TxHji https://t.co/wCuehRWigB",Wed Oct 01 14:40:23 +0000 2025,0,0,"droga, prisão, tráfico"
2,Cássio,"A situação da cidade de @Bauru,estamos em racionamento de água,e para ficarmos 14h com água mas no dia que a água e para vir não tem pressão para subir para as caixas para abastecer nossas casas.5 dias sem abastecer a caixa aqui em casa.
#BDSP @tvtembau #bauru #jdterrabrancabauru https://t.co/nuWJMCjbzj",Wed Oct 01 09:51:13 +0000 2025,0,1,água
3,Coitada,Não falamos do Bruno não não não falamos do Bruno,Wed Oct 01 14:43:07 +0000 2025,0,1,Nenhum
4,ؘ,"Perdeu tudo, morando em Bauru sem água e com tudo pegando fogo",Wed Oct 01 01:21:36 +0000 2025,2,5,"fogo, água"
5,Rafael Moia Filho,"Mais um incêndio criminoso na cidade de Bauru, onde convivemos com uma estiagem severa. Não chove há meses e os criminosos continuam ateando fogo em matas e vegetações na área urbana da cidade. Autoridades? Vão bem obrigado, mas não demonstram nenhuma preocupação com os desastres https://t.co/eb4R2UxTsm",Mon Sep 29 18:44:41 +0000 2025,0,5,"criminoso, fogo, incêndio, upa"
6,Henritado,Impossível dormir com esse calor e cheiro insuportável de queimada que está em Bauru,Wed Oct 01 03:07:08 +0000 2025,0,3,queimada
7,🦀Siri Rolinho🦀,"E agora a cidade inteira tá fumaça e fuligem e eu quero ver o que a desgraçada da prefeita vai falar, porque eu te amaldiçoo prefeitura de bauru, eu amaldiçoo seu solo profano construído em cima de queimada ilegal e nepotismo",Wed Oct 01 01:01:58 +0000 2025,7,26,"fumaça, prefeitura, queimada"
8,lessa,"[1/10 11:31]Clara: bebe bastante água p n se desidratar kkkk
[1/10 11:31]: agua Kkkkkkkkkkkkkkkkkkkkkkkkkkkkkk
[1/10 11:32]: Não tem água não
[1/10 11:32]: E matoooooo
[1/10 11:32]: Você não tá entendendo
[1/10 11:32]Clara: vai morrer de sede?
[1/10 11:32]: E p testar rusticidade",Wed Oct 01 14:40:57 +0000 2025,0,0,"morre, água"
9,Val,"@senadorhumberto IR ZERO SEM ARMADILHA 
IR ZERO SEM ARMADILHA 
IR ZERO SEM ARMADILHA 
IR ZERO SEM ARMADILHA 
IR ZERO SEM ARMADILHA 
IR ZERO SEM ARMADILHA 
IR ZERO SEM ARMADILHA 
IR ZERO SEM ARMADILHA 
IR ZERO SEM ARMADILHA",Wed Oct 01 14:42:31 +0000 2025,0,1,Nenhum
10,BOLETIM DE OCORRÊNCIA 🇧🇷,#Boletim de #Ocorrência: DISQUE DENÚNCIA: Denuncie crimes e criminosos: 2253-1177 / @DDalertaRio (sigilo absoluto garantido). https://t.co/Aas9F7uGw7,Wed Oct 01 14:23:47 +0000 2025,0,0,"crime, criminoso"
11,bauru,"Agressor da loja @OficialWTennis .
Sábado, 30, às 10 h, vai ter um protesto contra a violência no local (esquina rua 13 de Maio x Rua Batista de Carvalho). https://t.co/V4JJo4k4Mu",Tue Aug 26 16:13:33 +0000 2025,0,0,violência
12,sons do Brasil 🎶,"Num dia como este há 83 anos nasceu em Bauru, interior de São Paulo, Hareton Salvanini

Na incapacidade de escolher uma faixa de seu disco de 1973 pra compartilhar aqui, compartilho a primeira “Eu hoje acordei com a luz do sol” apostando que você não vai conseguir parar nela ✨ https://t.co/AY4AkoMOcq",Thu Sep 25 11:12:42 +0000 2025,8,54,luz
13,Ivy🌸,"✨️🖤INDICAÇÃO DE LEITURA🖤✨️

❤️‍🔥Romance na máfia
✨️Mocinha Virgem
❤️‍🔥Bad Boy tatuado
✨️Age Gap
❤️‍🔥Enemies To Lovers
✨️Ele se apaixonou primeiro
❤️‍🔥Gravidez inesperada

🔗https://t.co/z8zYTvmniY https://t.co/2H8xtAAlyV",Wed Oct 01 14:06:12 +0000 2025,0,4,Nenhum
14,BOLETIM DE OCORRÊNCIA 🇧🇷,#Boletim de #Ocorrência: #PMERJ - 29ºBPM(ITAPERUNA) atuando com rigor no combate ao crime em sua área. https://t.co/B46eSvKbPB,Wed Oct 01 14:35:58 +0000 2025,0,0,crime
15,g1 Bauru,"🎥VÍDEO: homem é preso suspeito de atear fogo em terreno no centro de Botucatu
https://t.co/8J0s64NDZc #g1 #Botucatu https://t.co/QL2J8GPUEG",Fri Sep 19 21:16:00 +0000 2025,0,1,"fogo, preso"
16,Diário da Manhã,"Polícia Civil combate crimes ambientais em nascente de córrego em Aparecida
Leia mais: https://t.co/I1cTlywZYC https://t.co/xGpdcHHDj5",Wed Oct 01 14:07:31 +0000 2025,0,0,"crime, polícia"
17,g1 Bauru,"Carro pega fogo após atingir árvores e poste em Bauru
https://t.co/zUf9JuGHeI

#g1 #Bauru https://t.co/BPxNjeNSWi",Mon Sep 15 17:23:42 +0000 2025,0,1,"carro, fogo, poste, árvore"
18,Portal AtaNews,Homem é preso suspeito de homicídio após ser visto carregando perna humana em Bauru https://t.co/4iEUyxOl2l,Wed Oct 01 11:46:36 +0000 2025,0,0,"homicídio, preso"
19,Ipem-SP,"Em Bauru, Ipem-SP realizará verificação de radar na avenida Cruzeiro do Sul. Saiba mais, acesse https://t.co/G2nNItjVFX

#ipemsp #metrologia #consumidor #fiscalização #infraestruturadaqualidade https://t.co/cqBD0NTWsN",Fri Aug 08 15:36:34 +0000 2025,0,0,radar
20,João,PESA A MÃO NESSE RELACIONAMENTO SENHOR MANDA BRIGA MANDA CONFUSÃO MANDA DESCONFIANÇA OH DEUS TU EH PAI SENHOR DESESTABILIZA ESSA RELAÇÃO DEUS AJUDA TEU FILHO AQUI SENHOR MANDA TERMINO MANDA DAR UM TEMPO OOH SHALAMBASHURA ABASUHRIA SHALAMBASHURA ASHURIA,Wed Oct 01 14:35:44 +0000 2025,0,1,Nenhum
21,Sesi Vôlei Bauru,"🏐 TEMPORADA 2025/26

🏅LÉIA

A LEINHA SEGUE EM BAURU!

Torcida, com energia de estreia e bagagem de campeã, a Léia está renovada para 4ª temporada defendendo a camisa do SESI Vôlei Bauru!!! 🌟

Logo tem mais!
📲 Fiquem ligados!!! https://t.co/HSaKfLVoH2",Wed May 21 11:08:57 +0000 2025,3,93,energia
22,BOLETIM DE OCORRÊNCIA 🇧🇷,"#Boletim de #Ocorrência: 11:41h -⚠️ALERTA⚠️
ACIDENTE NA AVENIDA FRANCISCO BICALHO
&gt; Colisão de carro contra mureta interdita uma faixa da Av. Francisco Bicalho, na altura da Av. Presidente Vargas, no sentido Gasômetro.
Trânsito com retenção no trecho. https://t.co/WMMADtxkLg",Wed Oct 01 14:41:05 +0000 2025,0,0,"acidente, carro, trânsito"
23,VEJA,"Grupo Santa chega a São Paulo com aquisição de hospital em Bauru 

Via @EconomicoRadar  https://t.co/2wsEFmscAS",Tue Sep 16 19:37:57 +0000 2025,0,4,"hospital, radar"
24,tomatinho,queria q a mao daquele segurança que pegou na karina caísse pegasse fogo necrosasse sangrasse ferisse amputasse apodrecesse desintegrasse murchasse enrugasse encolhesse ressecasse deteriorasse dissolvesse despedaçasse carbonizasse dilacerasse desfalecesse gangrenasse e virasse pó,Tue Sep 30 16:59:39 +0000 2025,17,27,fogo
25,RodriguihBR ☁️,"com essa queimada que ta rolando em bauru, ta ruim de respirar ja mano... e acho incrivel que o governo daqui não faz absolutamente nada pra evitar isso",Wed Oct 01 03:49:40 +0000 2025,0,2,queimada
26,g1 Bauru,"⚖️ Justiça suspende pela terceira vez edital de concessão de estação de tratamento de esgoto
https://t.co/Xxbong4vdI #g1 #bauru https://t.co/HJ07VJZpz5",Thu Sep 18 23:27:57 +0000 2025,0,1,esgoto
27,Metrópoles,"⏯️ Um motorista evitou que uma menina de 12 anos fosse vítima de estupr0 nessa segunda-feira (1º/9), em Bauru, São Paulo. Imagens registradas por câmera de segurança mostram o momento em que o homem estaciona e sai do carro após notar a situação para abordar o suspeito do crime, https://t.co/7in6EX77eE",Wed Sep 03 21:00:47 +0000 2025,30,950,"carro, crime, moto"
28,manu,estudando igual os incas maias e astecas pq nesse bosta de cidade chamada Bauru não existe água e nem energia,Sat Sep 27 21:06:52 +0000 2025,0,3,"energia, água"
29,Fúria e Tradição,"Dois ladrões entram numa residência de madrugada para roubar, mas o marido enfrenta os bandidos e consegue espanca-los.

A esposa chamou a polícia que prendeu os bandidos, e o marido decidiu ir junto para a delegacia para se certificar que o BO seria feito.

A surpresa é que o https://t.co/rJN9yf1Vco",Fri May 02 14:02:00 +0000 2025,1877,8404,"bandido, delegacia, polícia, presa"
30,g1 Bauru,"Vara da Fazenda Pública determina que companhia restabeleça a energia elétrica em Marília 
https://t.co/BiTII2H8WQ

#g1 #Marília https://t.co/YIOcHoSaXj",Thu Sep 25 17:42:30 +0000 2025,0,0,energia
31,Aruruwii 🚫⭐🩸🐙💎🎼👁️‍🗨️🐱📗🪳🤍🖤❗🐅🌈,"Iwas Gastos
Iwas Gastos
Iwas Gastos
Iwas Gastos
Iwas Gastos
Iwas Gastos
Iwas Gastos
Iwas Gastos",Wed Oct 01 14:38:47 +0000 2025,0,0,Nenhum
32,g1 Bauru,"🚨 Carreta pega fogo e causa interdição parcial na Raposo Tavares
https://t.co/xyEm31Z8S8 #g1 #Rancharia https://t.co/H1oRe3bwdY",Sat Sep 20 20:51:56 +0000 2025,0,0,"fogo, interdição"
33,g1 Bauru,"🛣️Motorista é preso transportando mais de 10 kg de skunk em rodovia de Pongaí
https://t.co/W7aL0wMsHX #g1 #Pongaí https://t.co/qh67L25oam",Sun Sep 28 18:23:31 +0000 2025,0,1,"moto, preso"
34,BOLETIM DE OCORRÊNCIA 🇧🇷,#BOLETIM de #OCORRÊNCIA: A SIRENE DA #POLÍCIA - A VOZ DO #POLICIAL. https://t.co/UvEHpGDG3b,Wed Oct 01 14:20:52 +0000 2025,0,0,polícia
35,Polícia Federal,"🚨🚔#OPERAÇÃOPF | PF desarticula organização criminosa especializada em lavagem de dinheiro do tráfico de drogas. Foram cumpridos 8 mandados de busca e apreensão em Bauru e Piratininga. 

➡️Saiba mais: https://t.co/X62qfs319k https://t.co/eUXYqj2Mzx",Thu Jun 26 14:51:28 +0000 2025,26,97,"criminosa, droga, operação, tráfico"
36,Sandro Luis (セロ) 🏳️‍🌈 😺,"Daí cai, morre e a gente é obrigado a ter empatia sob pena de ser escorraçado.",Wed Oct 01 14:42:05 +0000 2025,0,0,morre
37,fabbas SIMPLANTICO,"IR ZERO SEM ARMADILHA

IR ZERO SEM ARMADILHA

IR ZERO SEM ARMADILHA

IR ZERO SEM ARMADILHA

IR ZERO SEM ARMADILHA

IR ZERO SEM ARMADILHA

IR ZERO SEM ARMADILHA

IR ZERO SEM ARMADILHA

IR ZERO SEM ARMADILHA

IR ZERO SEM ARMADILHA

IR ZERO SEM ARMADILHA

IR ZERO SEM ARMADILHA",Wed Oct 01 14:29:24 +0000 2025,0,0,Nenhum
38,vaca profana,preciso comprar piso pra minha casa preciso consertar o carro preciso de móveis preciso pagar minhas multas de velocidade preciso comprar sapatilha pro espetáculo preciso quitar meus empréstimos preciso pagar o financiamento do ape precis,Wed Oct 01 14:27:15 +0000 2025,0,0,carro
39,BOLETIM DE OCORRÊNCIA 🇧🇷,"#Filosofia do #Boletim: Para você refletir e difundir ! Que você tenha sempre força, coragem, saúde e paz. https://t.co/nh1ZDg6xLn",Wed Oct 01 14:15:07 +0000 2025,0,0,Nenhum
40,Esteban Tavares 🇦🇹,"É que o Urubu tá querendo comer mas o boi não quer morrer, não tem alimentação",Wed Oct 01 14:46:43 +0000 2025,0,0,morre
41,Direita Raiz 🇧🇷🇮🇱,"Em Bauru, homem de 26 anos ataca menina de 12 anos que ia para escola com colega, um homem de um astra que aparece no video notou algo estranho e abordou o sujeito, a menina chorando correu, a população agrediu o assediador que foi preso por tentativa de estupro https://t.co/Mn0SS4Nveo",Tue Sep 02 11:36:41 +0000 2025,1,46,"estupro, preso"
42,morto-vivo desanimado,"meus parabéns pros arrombados do caralho que tão queimando bauru inteira pra construir imóvel, vão lucrar bastante com a especulação imobiliária e quando a cidade virar um deserto sem água e sem vida partem pra próxima",Tue Sep 30 23:20:55 +0000 2025,0,0,água
43,𝖌𝖚𝖘𝖙𝖆𝖛𝖔,toma no cu as queimada de bauru,Wed Oct 01 01:28:49 +0000 2025,0,1,queimada
44,lau,Minha preocupação era morrer por envenenamento de metanol no final de semana mas com essa queimada em bauru nem no final de semana eu chego,Wed Oct 01 03:28:58 +0000 2025,0,2,"morre, queimada, upa"
45,Radar Econômico,Grupo Santa chega a São Paulo com aquisição de hospital em Bauru https://t.co/fLfdmpjcB2,Tue Sep 16 19:37:13 +0000 2025,0,0,hospital
46,g1 Bauru,Presidente Prudente tem quase uma árvore por habitante; concurso destaca importância do patrimônio natural https://t.co/KwyLNSy9GS #g1 #PresidentePrudente #DiadaÁrvore https://t.co/0oLHoUdoQu,Sat Sep 20 14:17:59 +0000 2025,0,0,árvore
47,BOLETIM DE OCORRÊNCIA 🇧🇷,"#Boletim de #Ocorrência: Um compilado de informações policiais, prestação de serviço de utilidade pública e opinião editorial própria. https://t.co/JHSsIK4Cpw",Wed Oct 01 12:59:07 +0000 2025,0,0,Nenhum
48,BOLETIM DE OCORRÊNCIA 🇧🇷,#Boletim de #Ocorrência: TELEFONES de EMERGÊNCIA: #PMERJ: 190 / #PCERJ: 197 / #PRF: 191 / #CBMERJ: 193 / DEFESA CIVIL: 199 / SAMU: 192. https://t.co/CUax219k6I,Wed Oct 01 14:22:15 +0000 2025,0,1,samu
49,Jornal Diário do Estado,Prisão de 3 pessoas por furto de cobre e construção em Bauru: flagrantes recentes ➡️ Leia: https:// https://t.co/tp8fHosjmy https://t.co/Sp0sUX3S3h,Mon Jul 28 14:06:13 +0000 2025,0,0,"furto, prisão"
50,Polícia Militar do Estado de São Paulo,"Dupla é presa por furto em Bauru/SP

No domingo (31), policiais do 4º Batalhão de Polícia Militar do Interior prenderam dois envolvidos em furto a um estabelecimento comercial em Bauru/SP.

No local, foi apreendido um caminhão baú carregado com suplementos e placas veiculares https://t.co/RuMEDL0iYQ",Mon Sep 01 13:08:32 +0000 2025,1,17,"caminhão, furto, polícia, presa"
51,Sesi Vôlei Bauru,"🏐 TEMPORADA 2025/26

🏅TALIA COSTA

TEM NOVIDADE NA ÁREA! 🤩 

A Talia é o novo reforço das brabas para a temporada 2025/26! ☄️
Com velocidade, versatilidade e uma energia contagiante, essa ponteira promete agitar as quadras e a nossa torcida! 💪🏻

Em breve, tem mais! 🔝

❤️🖤 https://t.co/lEKAMy1Kc7",Tue Jun 03 11:08:11 +0000 2025,2,53,energia
52,toiao,preciso que alguém me envie anonimamente um bauru de coração sem salada + uma coca zero caso de Vida ou Morte,Sun Sep 28 23:20:47 +0000 2025,2,6,morte
53,lia,queria MUITO que ele [inaudível] [censurado] [som do sabre de luz] [carro freiando] [panelaço] [buzina de caminhão] [latidos e uivos] [vuvuzela] [galo cacarejando] [sirene da ambulância] [UUUAARRRRRR] [vidro quebrando] [criança chorando] [grito abafado no travesseiro] https://t.co/xf6tAfLPP6,Sat Sep 27 21:25:37 +0000 2025,0,0,"caminhão, carro, luz"
54,SAZEIRO,"HOJE TEM CRUZEIRO!

        ★
★            ★
         ★

        ★

UTILIDADE PÚBLICA:

SAMU: 192 📞
BOMBEIROS: 193 📞
POLÍCIA : 190 📞
FUNERÁRIA BH: 3191-4111 📞
CENTRO DE VALORIZAÇÃO DA VIDA 188: 📞 https://t.co/3zMnZo7NwA",Sun May 04 03:00:18 +0000 2025,128,987,"bombeiro, polícia, samu"
55,Otávio,O apogeu da história da humanidade vai ser quando inventarem uma maquina que rastreia quem começou uma queimada dai o Estado usa todos os seus recursos pra aniquilar essa pessoa da forma mais dolorosa possivel vai se fuder fumaça do caralho já é seco em bauru e os cara ficq nessa,Mon Sep 29 04:08:35 +0000 2025,0,8,"fumaça, queimada"
56,si,ai se eu tivesse em bauru ja estaria com a cerveja em uma mao um paiero merda na outra chorando na calçada esperando meu mana poke,Tue Jul 29 16:42:44 +0000 2025,0,6,calçada
57,Toda A Sociedade,"@KaguetaBR @grok @fiscaldofim @KaguetaBR Eu deixei claro as regras e os favores que te pedi.
Você violou os favores e me desrespeitou. Você não respondeu até agora e nem parece ter a intenção de se comprometer com qualquer verdade ou resposta.
Você claramente só quer me excluir do debate e me ridicularizar.",Wed Oct 01 14:36:15 +0000 2025,1,0,Nenhum
58,g1 Bauru,"🚨Batida lateral

Motociclista morre após bater em carreta em vicinal de Piratininga https://t.co/oFep5LUoe4 #g1 #Piratininga https://t.co/VDlYdiz0sL",Mon Sep 15 21:19:16 +0000 2025,0,0,"batida, morre, moto"
59,evil advisor coded 🪡,#spoiler da minha árvore genealógica targaryen 🐉 https://t.co/VJ6m9M1TOV,Fri Sep 19 18:31:34 +0000 2025,7,29,árvore
60,Grok,"@knightofcheat @vlucasrocha Tá na mão! Continuando: falcão, flamingo, foca, formiga, furão, gafanhoto, galinha, gambá, garça, gato, gaivota, girafa, golfinho, gorila, gralha, grou, guepardo, hiena, hipopótamo, iaque, iguana, impala, jacaré, jaguar, javali, joaninha, kiwi, koala, lagarto, lagosta, leão,",Wed Oct 01 14:46:51 +0000 2025,0,0,Nenhum
61,Treinador 🩸,"Ser fumante é uma bosta

Vc pensa “q bosta vou ter q fumar agora” aí vc fuma e pensa “q bosta vou ter q fumar agora” aí vc fuma e pensa “q bosta vou ter q fumar agora” aí vc fuma e pensa “q bosta vou ter q fumar agora” aí vc fuma e pensa “q bosta vou ter q fumar agora” aí vc fuma",Sun Sep 28 20:40:00 +0000 2025,15,169,Nenhum
62,Tarcísio Gomes de Freitas,"NINGUÉM AGUENTA MAIS PROMESSA! E é por isso que demos fim à espera e antecipamos a entrega de modernização da rodovia Osni Mateus, (SP 261), que liga os municípios de Borebi e Lençóis Paulista, na região de Bauru. Uma obra aguardada há 60 anos e que agora é uma realidade e é https://t.co/whjmb4bs4u",Sat Apr 12 12:03:28 +0000 2025,1643,9375,obra
63,Tarcísio Gomes de Freitas,"JÁ VIU COMO FICOU A RODOVIA OSNI MATEUS? O São Paulo Pra Toda Obra chegou à região de Bauru dois meses antes do previsto para liberar mais de 27 km de extensão na SP 261, que vão ligar as cidades de Borebi e Lençóis Paulista. O maior programa de modernização rodoviária da https://t.co/ETYqBPWI5H",Wed Apr 16 13:00:38 +0000 2025,670,3647,obra
64,Segurança Pública de SP,"A região de Bauru agora conta com a Cabine Lilás, um espaço dedicado a acolher e proteger mulheres que enfrentam a violência doméstica. 

Confira 👇 https://t.co/mfCiHJiM9k",Sat Aug 09 15:01:33 +0000 2025,0,1,violência
65,Polícia Militar do Estado de São Paulo,"Casal é preso por tráfico de drogas em Bauru/SP
Confira:https://t.co/gircfj4HFP https://t.co/QNiV418p2D",Wed Aug 27 11:37:57 +0000 2025,2,17,"droga, preso, tráfico"
66,Governo de S. Paulo,"Antes e depois da Rodovia Osni Mateus (SP 261) 🚧

O @governosp entregou as obras de melhoria da rodovia que liga os municípios de Borebi e Lençóis Paulista, na região de Bauru. A obra é uma das 1.500 contempladas pelo #SPPraTodaObra, o maior programa de modernização rodoviária https://t.co/R3mPtoffLL",Tue Apr 15 22:23:09 +0000 2025,5,22,obra
67,Jornal Diário do Estado,Quadrilha é presa por falsificação de garrafas de cerveja em galpão de Bauru: suspeitos de vários estados confessam crime ➡️ Leia: https:// https://t.co/VxcFbmQylq https://t.co/ZG8rm6RmWD,Tue Sep 02 22:46:32 +0000 2025,0,0,"crime, presa"
68,sunny's gang,ja é a segunda queimada aqui perto do meu apto nessa semana cade a policia ambiental de bauru,Mon Sep 29 17:58:47 +0000 2025,0,6,queimada
69,"11.10 TRES4 10 ANOS att, Maria Máquina","imagina ter um galpão pros coletivos daqui de bauru conseguirem fazer os roles em um espaço grande, não absurdamente caro, com alvará, energia elétrica e banheiro?
tipo,pode deixar que o resto nois desenrola sabe, mas por favor alguém precisa fazer algo sobre isso",Tue Sep 30 22:05:03 +0000 2025,0,12,energia
70,ISA,"ESSA É SUÉLEN.  PREFEITA DE BAURU.  BOSONARISTA. AMIGA DE BOSONARO , O QUE ESTÁ ACONTECENDO. SUÉLĘN. TERIA  FALADO QUE FAZERIA O POÇO PARA NÓS MORADORES DE BAURU E CONFIAMOS O DAE.  QUE MANDA AGUA PARA NÓS MORADORES, FICOU TEMPO SEM CHOVER. NO RIO BATALHA E AGORA ELA SUÉLEN QUER https://t.co/cGaUkHxPB9",Sat Sep 27 11:21:24 +0000 2025,1,0,dae
71,Portal AtaNews,Idoso reage e mata homem a facada após furto em Bauru https://t.co/mrdJk9o3at,Wed Oct 01 10:39:26 +0000 2025,0,0,furto
72,Folha Cotidiano,"Sem chuvas, Bauru (SP) endurece racionamento de água https://t.co/8l3Evf0Emk",Sat Sep 27 02:13:03 +0000 2025,1,1,"chuva, água"
73,Dr Hélio Santos,"Quem conheceu o “Trem da morte” da NOB - Noroeste do Brasil?
Um percurso de Bauru à Santa Cruz de La Sierra, Bolívia!",Sat Aug 02 17:45:26 +0000 2025,3,6,morte
74,MixVale,"Motorista impede estupro de menina em Bauru com ação rápida e corajosa 

#Bauru #estupro #Motorista

https://t.co/HYenAzLZQf",Fri Sep 05 13:45:17 +0000 2025,0,0,"estupro, moto"
75,laura palmer de bauru,"sabe qual é a única população no brasil que vive uma guerra de guerrilha a mais de trinta anos contra o Estado brasileiro?
São as transexuais, especialmente as travestis negras, que lutam diariamente contra o cistema de morte que nos cerca e mata sem dó",Mon Jul 28 19:29:37 +0000 2025,16,139,morte
76,HiperNotícias,Preso por quebrar casa e ameaçar esposa promete sair da cadeia para matá-la | HiperNotícias - Você bem informado https://t.co/0ALuAEhBUh https://t.co/4BCEMEHapd,Wed Oct 01 14:10:14 +0000 2025,0,0,preso
77,Jornal Diário do Estado,Racionamento de água em Bauru: Prefeitura distribui galões para população abastecida pelo Rio Batalha. Medidas para enfrentar a estiagem. ➡️ Leia: https:// https://t.co/bSHUGnKn5C https://t.co/q4N8hgWuQh,Tue Sep 30 23:37:25 +0000 2025,0,0,"prefeitura, água"
78,g1 Bauru,"Homem é preso suspeito de torturar, agredir e manter companheira em cárcere privado 
https://t.co/VRGsr3KXWO

#g1 #Guaimbê https://t.co/vLI1TwSh1J",Wed Sep 10 18:15:54 +0000 2025,0,0,preso
79,Rádio BandNews FM,Prefeitura de Bauru anuncia rodízio de abastecimento de água em meio à seca na região z #DIIAC #BandNewsStation https://t.co/14CSH6UjtE,Fri Aug 29 15:43:56 +0000 2025,1,0,"prefeitura, água"
80,bárbara,Perdi o grande amor da minha vida e não sei quando vou conseguir levantar de novo.😞,Wed Oct 01 14:47:03 +0000 2025,0,0,Nenhum
81,Sofreneja,"Contagem regressiva! No dia 27, Bauru recebe o Cê Tá Doido Festival com shows, energia e aquela vibe que já conquistou o Brasil 🔥 https://t.co/PYgQdwIynh",Fri Sep 19 23:56:05 +0000 2025,0,3,energia
82,José Luiz Dread,"Um motorista evitou que uma menina de 12 anos fosse vítima de estupro no bairro Vila Maria, em Bauru (SP). Wilian Ribeiro, que havia acabado de deixar seu filho na escola, percebeu a situação suspeita e decidiu intervir. O suspeito, 26 anos, foi preso. https://t.co/bDvIurK7KK",Thu Sep 04 12:04:42 +0000 2025,0,0,"estupro, moto, preso"
83,geradora infinita de lerolero by :3 Gabi,"Hj vou usar a mesma roupa que usei quando deixei o ramemes no busao de bauru pra sp pra ver se ele lembra de mim
Pq na época eu tava careca e agr eu tô com o cabelo grande https://t.co/ROyw4Eqh9g",Sat May 17 00:17:49 +0000 2025,0,30,upa
84,Portal Roma News,"Um ato de coragem salvou uma menina de 12 anos em Bauru, interior de São Paulo. Na segunda-feira (01), o empresário Willian Ribeiro, de 31 anos, reagiu ao perceber que um homem de 26 anos estava abordando a estudante com intenção de estupro. https://t.co/iRF7HuNGlU",Fri Sep 05 17:03:16 +0000 2025,0,5,estupro
85,pedim,@portal_volei @KTO_brasil sesi bauru e osasco na final da superliga MORTE AO PÃO DE QUEIJO https://t.co/DgvTuklctp,Tue Apr 22 03:04:24 +0000 2025,19,333,morte
86,Agência SP,"A partir desta sexta-feira (8), o @governosp leva para a região de Bauru o atendimento da Cabine Lilás, projeto da Polícia Militar voltado ao acolhimento de mulheres vítimas de violência doméstica. 

Acompanhe os detalhes.👇 https://t.co/M7jA3R9cbW",Fri Aug 08 21:10:54 +0000 2025,0,0,"polícia, violência"
87,carol ℗,28 reais o uber p rodoviaria nao to querendo acreditar que vai debitar este ROUBO nao vai se foder bauru,Wed Jun 18 21:37:12 +0000 2025,0,5,roubo
88,g1 Bauru,"🚨Idoso morre atropelado na faixa de pedestre no interior de SP
https://t.co/OAw69fIUTY #g1 #Marília https://t.co/1ZMIaGZ09Q",Sat Sep 13 17:07:13 +0000 2025,0,0,"morre, pedestre"
89,g1 Bauru,"🚨Dupla é presa com mais de meia tonelada de drogas em rodovia do interior de SP
https://t.co/v6DKsm6tY7 #g1 #SaltoGrande https://t.co/YNEfqNbbSE",Thu Sep 25 19:28:20 +0000 2025,0,0,"droga, presa"
90,g1 Bauru,"🦟'Dentracher'

Aplicativo desenvolvido na Fatec Botucatu ajuda a identificar pontos de proliferação da dengue https://t.co/ftZRSUTWLx #g1 #Botucatu https://t.co/qJEfyV70OZ",Sat Sep 27 13:20:40 +0000 2025,0,1,dengue
91,mayafu labussera,"é bom para o moral
é bom para o moral
é bom para o moral",Wed Oct 01 14:31:13 +0000 2025,0,1,Nenhum
92,lu,FINALMENTE ELE SAIU DAQUELE BURACO DE SESI BAURU   https://t.co/5lrqb34FTX,Wed Jul 09 11:48:21 +0000 2025,3,25,buraco
93,SAZEIRO,"HOJE TEM CRUZEIRO!

        ★
★            ★
         ★

        ★

UTILIDADE PÚBLICA:

SAMU: 192 📞
BOMBEIROS: 193 📞
POLÍCIA : 190 📞 https://t.co/AOHiRjUSPO",Thu May 01 12:33:44 +0000 2025,119,771,"bombeiro, polícia, samu"
94,Polícia Militar do Estado de São Paulo,"Homem é preso com arma de fogo após denúncia de violência doméstica em Bauru/SP
Confira: https://t.co/ili96b9AqZ https://t.co/0NBsLTZKEQ",Tue Sep 16 17:12:31 +0000 2025,0,8,"fogo, preso, violência"
95,g1,Moradores se unem para salvar jovens atingidas por árvore na saída de escola durante temporal em SP https://t.co/eGob6xHATm #g1 https://t.co/1ItIieCvrH,Tue Sep 23 18:18:34 +0000 2025,7,75,"temporal, árvore"
96,g1 Bauru,"🚨Suspeita confessou o crime 

Mulher é morta a facada durante briga em bar no interior de SP  https://t.co/DHhI6KFkdz #g1 #ParaguaçuPaulista https://t.co/yuZdPeO25z",Mon Sep 15 20:18:45 +0000 2025,0,0,"crime, morta, upa"
97,Christopher Luz,Pqp vou tocar num rolê LGBT em bauru e a rua do evento é RUA CUSSY JUNIOR KKKKKKKKKKKKKKK,Thu Sep 25 00:48:55 +0000 2025,3,47,Nenhum
98,🇧🇷 Daniel Marques Santos,"🔱🤡 ESTELIONATO ELEITORAL EM BAURU: Em 2020...como resolver a falta d'água...2024 estiagem pessoal, vamos orar...Incapacidade ou cara de pau? Qual a mentira/desculpa para 2025? Ambos! Esta é a BolSuelen 🤮 https://t.co/0IH4wzl6Th",Wed Sep 24 12:58:21 +0000 2025,2,5,água
99,g1 Bauru,"Motorista sofre mal súbito e bate ônibus contra semáforo em Bauru
https://t.co/U3lISmzR71

#g1 #Bauru https://t.co/4sYxg8qQCH",Sun Sep 07 21:20:54 +0000 2025,0,3,"moto, semáforo, ônibus"
